{"lines":[],"paintballs":[{"position":{"x":-15.488422393798829,"y":1.106916904449463,"z":10.0},"bg":{"r":0.6125461459159851,"g":0.47759491205215456,"b":0.47759491205215456,"a":1.0},"sortingOrder":1},{"position":{"x":5.067157745361328,"y":-6.34276008605957,"z":9.999999046325684},"bg":{"r":0.6125461459159851,"g":0.47759491205215456,"b":0.47759491205215456,"a":1.0},"sortingOrder":2},{"position":{"x":12.447854995727539,"y":7.245997905731201,"z":10.000000953674317},"bg":{"r":0.6125461459159851,"g":0.47759491205215456,"b":0.47759491205215456,"a":1.0},"sortingOrder":3},{"position":{"x":-1.1409015655517579,"y":8.349652290344239,"z":10.000000953674317},"bg":{"r":0.6125461459159851,"g":0.47759491205215456,"b":0.47759491205215456,"a":1.0},"sortingOrder":4}],"bg":{"r":0.0,"g":0.0,"b":0.0,"a":1.0}}